{
    "name": "northwind",
    "icon": "documentation/img/northwind-logo.jpg",
    "title": "Northwind",
    "description":"From RDBMS to Graph, using a classic retail dataset",
    "dbms": [
      {
          "dumpFile": "data/northwind-35.dump",
          "targetNeo4jVersion":">=3.5.0 <4.0.0"
      },
      {
          "dumpFile": "data/northwind-40.dump",
          "targetNeo4jVersion": ">=4.0.0 <4.3.0"
      },
      {
          "dumpFile": "data/northwind-43.dump",
          "targetNeo4jVersion": ">=4.3.0 <5.0.0"
      },
      {
          "dumpFile": "data/northwind-50.dump",
          "targetNeo4jVersion": ">=5.0.0 <6.0.0"
      }
  ]
}
